,ksi.apollyon.7,64squares,trashboat6824,drpeepeepoopoomd,masterplum,anarchocatgirlism,itsbigfato,sti1983
Date,2026-09-24,,,,,,,
Notes,https://docs.google.com/spreadsheets/d/1aLYlyyMX4F6Iq98e9FvPhT7FBbLEZgwMB67xcxK-398/edit?gid=0#gid=0,,,,,,,
Wins,,,,,,,,
Losses,,,,,,,,
1,Black Lotus,Ancestral Recall,Mana Crypt,Mox Sapphire,Mox Jet,Time Vault,Sol Ring,Mox Ruby
2,Demonic Tutor,Force of Will,Ancient Tomb,White Plume Adventurer,Time Walk,Tolarian Academy,Mox Emerald,Mox Pearl
3,Vampiric Tutor,Force of Negation,Thoughtseize,Mox Diamond,Mana Vault,Urza's Saga,Strip Mine,"Karn, the Great Creator"
4,Duress,Spell Pierce,Orcish Bowmasters,"Minsc & Boo, Timeless Heroes",The Fantasticar,Mana Drain,Wasteland,Mental Misstep
5,Inquisition of Kozilek,Psychic Frog,"Ragavan, Nimble Pilferer",Forth Eorlingas!,Thassa's Oracle,Grim Monolith,Sphere of Resistance,Hullbreacher
6,Underworld Breach,Reanimate,Swords to Plowshares,"Oko, Thief of Crowns",Gitaxian Probe,The One Ring,City of Traitors,Tinker
7,Lion's Eye Diamond,"Tamiyo, Inquisitive Student",Seasoned Dungeoneer,"Teferi, Time Raveler",Lotus Petal,Mox Opal,Misty Rainforest,Chrome Mox
8,Brain Freeze,Polluted Delta,Dark Ritual,Prismatic Vista,Timetwister,Sensei's Divining Top,Vexing Bauble,Mystical Tutor
9,Scalding Tarn,Brainstorm,Marsh Flats,Flooded Strand,Ponder,Mishra's Workshop,Simian Spirit Guide,Preordain
10,Verdant Catacombs,Bloodstained Mire,Arid Mesa,"Comet, Stellar Pup",Urza's Bauble,Mishra's Bauble,Elvish Spirit Guide,Wheel of Fortune
11,Imperial Seal,Snapcaster Mage,March of Otherworldly Light,Wooded Foothills,Stock Up,Counterspell,Windswept Heath,Vendilion Clique
12,Flash,Entomb,Red Elemental Blast,Pyroblast,Frantic Search,Manifold Key,Thorn of Amethyst,Karakas
13,"Atraxa, Grand Unifier",Daze,Archon of Emeria,Fastbond,Dread Fugue,Dismember,Icetill Explorer,Dack Fayden
14,Aether Spellbomb,Animate Dead,Abrade,Hexdrinker,Grief,Basalt Monolith,"Titania, Protector of Argoth","Jace, Vryn's Prodigy"
15,Unmask,Lorien Revealed,Lightning Bolt,Balance,Watery Grave,"Otawara, Soaring City",Wrenn and Six,Brazen Borrower
16,Badlands,Undercity Sewers,Plateau,Tropical Island,Underground Sea,"Urza, Lord High Artificer",Trinisphere,Library of Alexandria
17,Volcanic Island,Consign to Memory,Blood Crypt,Deathrite Shaman,Consider,Mystical Dispute,Delighted Halfling,"Lutri, the Spellchaser"
18,Steam Vents,Archon of Cruelty,Fable of the Mirror-Breaker,Endurance,Tainted Pact,Sink into Stupor,Taiga,Fury
19,Breeding Pool,Darkslick Shores,Sacred Foundry,"Boseiju, Who Endures",Boomerang Basics,Hydroblast,Force of Vigor,Expressive Iteration
20,Remand,Griselbrand,"Sheoldred, the Apocalypse",Scythecat Cub,Snuff Out,Retrofitter Foundry,Zuran Orb,Spirebluff Canal
21,Memory Lapse,Null Rod,Prismatic Ending,Sazh's Chocobo,Flusterstorm,Expedition Map,Green Sun's Zenith,Shivan Reef
22,Into the Flood Maw,Gloomlake Verge,Caves of Chaos Adventurer,"Bristly Bill, Spine Sower",Swan Song,Voltaic Key,Undermountain Adventurer,Fiery Islet
23,Muddle the Mixture,Underground River,Broadside Bombardiers,Crop Rotation,Extrapolate the Impossible,Coveted Jewel,Exploration,Shelldock Isle
24,Drowned Catacomb,Bitter Triumph,Stony Silence,Badgermole Cub,Clearwater Pathway,Soul-Guide Lantern,"Mole Man, Moloid Master",Tormod's Crypt
25,Raucous Theater,River of Tears,Mind Twist,Path to Exile,Demonic Consultation,Welding Jar,Birds of Paradise,Tishana's Tidebinder
26,City of Brass,Subtlety,Dauthi Voidwalker,Erode,Troll of Khazad-dum,Arcum's Astrolabe,Ignoble Hierarch,"Narset, Parter of Veils"
27,Mana Confluence,"Malcolm, Alluring Scoundrel",Hymn to Tourach,Savannah,Impulse,Transmute Artifact,Once Upon a Time,Serum Visions
28,Starting Town,Mana Leak,Scrubland,"Yavimaya, Cradle of Growth",Opt,"Tezzeret, Cruel Captain",Malevolent Rumble,Show and Tell
29,Sunken Ruins,"Takenuma, Abandoned Mire",Godless Shrine,Sylvan Library,"Urborg, Tomb of Yawgmoth",Metallic Rebuke,Surgical Extraction,Arcane Denial
30,Careful Study,Collective Brutality,Ravenloft Adventurer,Leyline of the Void,Lim-Dul's Vault,Spell Snare,Nature's Claim,Ensnaring Bridge
31,Faithless Looting,Blue Elemental Blast,Containment Priest,"Nissa, Who Shakes the World",Flow State,Walking Ballista,Sowing Mycospawn,Blightsteel Colossus
32,Chain of Vapor,Shallow Grave,Bonecrusher Giant,Veil of Summer,Multiversal Passage,Candelabra of Tawnos,Faerie Macabre,"Emrakul, the Aeons Torn"
33,An Offer You Can't Refuse,Fatal Push,Bleachbone Verge,Stomping Ground,Submerge,Pithing Needle,Chalice of the Void,By Force
34,Exhume,Thought Scour,Skyclave Apparition,Tundra,Cabal Ritual,Whir of Invention,Collector Ouphe,Omniscience
35,Goryo's Vengeance,Nihil Spellbomb,Dark Confidant,Bojuka Bog,Toxic Deluge,Seat of the Synod,Sylvan Safekeeper,Cori-Steel Cutter
36,Pyrite Spellbomb,Metamorphosis Fanatic,"Eiganjo, Seat of the Empire",Walk-In Closet // Forgotten Cellar,Pentad Prism,Grafdigger's Cage,Crystal Vein,Chromatic Star
37,Auriok Salvagers,"Bilbo, Thief in the Night",Witch Enchanter,Allosaurus Shepherd,Gemstone Caverns,Disruptor Flute,Grove of the Burnwillows,Mycosynth Lattice
38,Chromatic Sphere,Baleful Strix,Blazemire Verge,Springheart Nantuko,Cavern of Souls,"Minamo, School at Water's Edge",Karplusan Forest,Riverglide Pathway
39,Hallowed Fountain,Harbinger of the Seas,Kolaghan's Command,Angel's Grace,Shipwreck Marsh,Giant's Boulder,Meltdown,Dress Down
40,Enlightened Tutor,"Kaito, Bane of Nightmares",Rest in Peace,Palace Jailer,Pact of Negation,Petrified Hamlet,Winter Moon,Sea Gate Restoration
41,Dispel,Miscast,Fell the Profane,Jetmir's Garden,Dig Through Time,Tolaria West,Scavenging Ooze,Tangle Wire
42,Banishing Betrayal,Faerie Mastermind,Mount Doom,"Uro, Titan of Nature's Wrath","Oboro, Palace in the Clouds",Mystic Forge,Dryad Arbor,Memory Jar
43,Winds of Rebuke,Fallen Shinobi,Anointed Peacekeeper,Oath of Nissa,Cephalid Coliseum,Inventors' Fair,Warping Wail,Prismari Command
44,Echoing Truth,Dreams of Steel and Oil,Blood Moon,Tireless Tracker,Everflowing Chalice,Paradox Engine,Choke,Silverbluff Bridge
45,Manamorphose,Sheoldred's Edict,Cabal Therapy,Scapeshift,Lodestone Bauble,Kappa Cannoneer,Baloth Prime,True-Name Nemesis
46,Worldspine Wurm,"Wan Shi Tong, Librarian",Voice of Victory,Traveling Chocobo,Flare of Denial,Petrified Field,Boil,Steel Sabotage